Ligand_Name,Site_Number,With_Or_Without_Water,RMSD Value
Baricitinib,Site1,With_Water,0
Baricitinib,Site1,With_Water,0.108229406
Baricitinib,Site1,With_Water,0.19302152
Baricitinib,Site1,With_Water,0.18958794
Baricitinib,Site1,Without_Water,0.000210611
Baricitinib,Site1,Without_Water,0.22600305
Baricitinib,Site1,Without_Water,0.035988588
Baricitinib,Site1,Without_Water,0.2122198
Baricitinib,Site2,With_Water,0
Baricitinib,Site2,With_Water,0.18975048
Baricitinib,Site2,With_Water,0.19802335
Baricitinib,Site2,With_Water,0.23841086
Baricitinib,Site2,Without_Water,0
Baricitinib,Site2,Without_Water,0.26827487
Baricitinib,Site2,Without_Water,0.24734601
Baricitinib,Site2,Without_Water,0.23851159
Berchemol,Site1,With_Water,0.000193388
Berchemol,Site1,With_Water,0.2706551
Berchemol,Site1,With_Water,0.29683825
Berchemol,Site1,With_Water,0.3220328
Berchemol,Site1,Without_Water,0
Berchemol,Site1,Without_Water,0.020384803
Berchemol,Site1,Without_Water,0.3381378
Berchemol,Site1,Without_Water,0.25648597
Berchemol,Site2,With_Water,0
Berchemol,Site2,With_Water,0.03222163
Berchemol,Site2,With_Water,0.17203377
Berchemol,Site2,With_Water,0.27587542
Berchemol,Site2,Without_Water,0
Berchemol,Site2,Without_Water,0.091161765
Berchemol,Site2,Without_Water,0.23116815
Berchemol,Site2,Without_Water,0.22926854
Camostat,Site1,With_Water,0
Camostat,Site1,With_Water,0.21687545
Camostat,Site1,With_Water,0.26415986
Camostat,Site1,With_Water,0.024390012
Camostat,Site1,Without_Water,0
Camostat,Site1,Without_Water,0.19355996
Camostat,Site1,Without_Water,0.18992399
Camostat,Site1,Without_Water,0.18792364
Camostat,Site2,With_Water,0
Camostat,Site2,With_Water,0.09728369
Camostat,Site2,With_Water,0.29896814
Camostat,Site2,With_Water,0.25276083
Camostat,Site2,Without_Water,0.00027085
Camostat,Site2,Without_Water,0.2574882
Camostat,Site2,Without_Water,0.32945356
Camostat,Site2,Without_Water,0.26140055
Hydroxychloroquine,Site1,With_Water,0
Hydroxychloroquine,Site1,With_Water,0.20127207
Hydroxychloroquine,Site1,With_Water,0.28159252
Hydroxychloroquine,Site1,With_Water,0.30268598
Hydroxychloroquine,Site1,Without_Water,0
Hydroxychloroquine,Site1,Without_Water,0.2315181
Hydroxychloroquine,Site1,Without_Water,0.19692436
Hydroxychloroquine,Site1,Without_Water,0.19986744
Hydroxychloroquine,Site2,With_Water,0.000195313
Hydroxychloroquine,Site2,With_Water,0.24847704
Hydroxychloroquine,Site2,With_Water,0.24542937
Hydroxychloroquine,Site2,With_Water,0.32566696
Hydroxychloroquine,Site2,Without_Water,0
Hydroxychloroquine,Site2,Without_Water,0.22949801
Hydroxychloroquine,Site2,Without_Water,0.09803248
Hydroxychloroquine,Site2,Without_Water,0.27009642
Ivermectin,Site1,With_Water,0.000236851
Ivermectin,Site1,With_Water,0.42828742
Ivermectin,Site1,With_Water,0.19635879
Ivermectin,Site1,With_Water,0.34352103
Ivermectin,Site1,Without_Water,0
Ivermectin,Site1,Without_Water,0.18850677
Ivermectin,Site1,Without_Water,0.31494397
Ivermectin,Site1,Without_Water,0.3137033
Ivermectin,Site2,With_Water,0
Ivermectin,Site2,With_Water,0.036593318
Ivermectin,Site2,With_Water,0.53189504
Ivermectin,Site2,With_Water,0.5447899
Ivermectin,Site2,Without_Water,0
Ivermectin,Site2,Without_Water,0.06091636
Ivermectin,Site2,Without_Water,0.38599116
Ivermectin,Site2,Without_Water,0.39262792
Myricetin,Site1,With_Water,0.000240413
Myricetin,Site1,With_Water,0.1719756
Myricetin,Site1,With_Water,0.17168969
Myricetin,Site1,With_Water,0.17466898
Myricetin,Site1,Without_Water,0
Myricetin,Site1,Without_Water,0.21500866
Myricetin,Site1,Without_Water,0.059057508
Myricetin,Site1,Without_Water,0.059943903
Myricetin,Site2,With_Water,0.000169998
Myricetin,Site2,With_Water,0.21238872
Myricetin,Site2,With_Water,0.07066631
Myricetin,Site2,With_Water,0.06850908
Myricetin,Site2,Without_Water,0
Myricetin,Site2,Without_Water,0.20947361
Myricetin,Site2,Without_Water,0.21345194
Myricetin,Site2,Without_Water,0.21263757
Quercetin,Site1,With_Water,0
Quercetin,Site1,With_Water,0.20104183
Quercetin,Site1,With_Water,0.053685684
Quercetin,Site1,With_Water,0.19892952
Quercetin,Site1,Without_Water,0
Quercetin,Site1,Without_Water,0.006022411
Quercetin,Site1,Without_Water,0.005047869
Quercetin,Site1,Without_Water,0.007039976
Quercetin,Site2,With_Water,0
Quercetin,Site2,With_Water,0.20170863
Quercetin,Site2,With_Water,0.03787958
Quercetin,Site2,With_Water,0.027187446
Quercetin,Site2,Without_Water,0
Quercetin,Site2,Without_Water,0.045264553
Quercetin,Site2,Without_Water,0.007605676
Quercetin,Site2,Without_Water,0.19071203
Remdesivir,Site1,With_Water,0.000222579
Remdesivir,Site1,With_Water,0.3756115
Remdesivir,Site1,With_Water,0.27781183
Remdesivir,Site1,With_Water,0.47103077
Remdesivir,Site1,Without_Water,0.000222579
Remdesivir,Site1,Without_Water,0.38049975
Remdesivir,Site1,Without_Water,0.48360276
Remdesivir,Site1,Without_Water,0.37235644
Remdesivir,Site2,With_Water,0
Remdesivir,Site2,With_Water,0.35046092
Remdesivir,Site2,With_Water,0.41386306
Remdesivir,Site2,With_Water,0.35479587
Remdesivir,Site2,Without_Water,0
Remdesivir,Site2,Without_Water,0.42075223
Remdesivir,Site2,Without_Water,0.45996502
Remdesivir,Site2,Without_Water,0.45821893
Baricitinib,Site3d,With_Water,0.000210611
Baricitinib,Site3d,With_Water,0.20732446
Baricitinib,Site3d,With_Water,0.22025257
Baricitinib,Site3d,With_Water,0.15773252
Baricitinib,Site3d,Without_Water,0
Baricitinib,Site3d,Without_Water,0.004362239
Baricitinib,Site3d,Without_Water,0.08893318
Baricitinib,Site3d,Without_Water,0.20733371
Baricitinib,Site3m,With_Water,0
Baricitinib,Site3m,With_Water,0.10755228
Baricitinib,Site3m,With_Water,0.27118352
Baricitinib,Site3m,With_Water,0.1876718
Baricitinib,Site3m,Without_Water,0
Baricitinib,Site3m,Without_Water,0.27819085
Baricitinib,Site3m,Without_Water,0.1375568
Baricitinib,Site3m,Without_Water,0.27091065
Berchemol,Site3d,With_Water,0
Berchemol,Site3d,With_Water,0.20803788
Berchemol,Site3d,With_Water,0.20119986
Berchemol,Site3d,With_Water,0.28339475
Berchemol,Site3d,Without_Water,0.000193388
Berchemol,Site3d,Without_Water,0.027599687
Berchemol,Site3d,Without_Water,0.12683538
Berchemol,Site3d,Without_Water,0.10699332
Berchemol,Site3m,With_Water,0
Berchemol,Site3m,With_Water,0.26709297
Berchemol,Site3m,With_Water,0.25189656
Berchemol,Site3m,With_Water,0.24686076
Berchemol,Site3m,Without_Water,0.000193388
Berchemol,Site3m,Without_Water,0.01337458
Berchemol,Site3m,Without_Water,0.2895746
Berchemol,Site3m,Without_Water,0.28022555
Camostat,Site3d,With_Water,0
Camostat,Site3d,With_Water,0.19642179
Camostat,Site3d,With_Water,0.25957224
Camostat,Site3d,With_Water,0.2702396
Camostat,Site3d,Without_Water,0
Camostat,Site3d,Without_Water,0.13530481
Camostat,Site3d,Without_Water,0.24530865
Camostat,Site3d,Without_Water,0.16654812
Camostat,Site3m,With_Water,0.00027085
Camostat,Site3m,With_Water,0.2614505
Camostat,Site3m,With_Water,0.20720215
Camostat,Site3m,With_Water,0.28807497
Camostat,Site3m,Without_Water,0
Camostat,Site3m,Without_Water,0.0398453
Camostat,Site3m,Without_Water,0.24639435
Camostat,Site3m,Without_Water,0.14893483
Hydroxychloroquine,Site3d,With_Water,0
Hydroxychloroquine,Site3d,With_Water,0.101728566
Hydroxychloroquine,Site3d,With_Water,0.16147761
Hydroxychloroquine,Site3d,With_Water,0.15474063
Hydroxychloroquine,Site3d,Without_Water,0
Hydroxychloroquine,Site3d,Without_Water,0.29814458
Hydroxychloroquine,Site3d,Without_Water,0.17808998
Hydroxychloroquine,Site3d,Without_Water,0.20431918
Hydroxychloroquine,Site3m,With_Water,0
Hydroxychloroquine,Site3m,With_Water,0.22027168
Hydroxychloroquine,Site3m,With_Water,0.23993646
Hydroxychloroquine,Site3m,With_Water,0.2371015
Hydroxychloroquine,Site3m,Without_Water,0
Hydroxychloroquine,Site3m,Without_Water,0.25462034
Hydroxychloroquine,Site3m,Without_Water,0.20520434
Hydroxychloroquine,Site3m,Without_Water,0.25910896
Ivermectin,Site3d,With_Water,0.000236851
Ivermectin,Site3d,With_Water,0.00652094
Ivermectin,Site3d,With_Water,0.4846187
Ivermectin,Site3d,With_Water,0.4701422
Ivermectin,Site3d,Without_Water,0
Ivermectin,Site3d,Without_Water,0.12595497
Ivermectin,Site3d,Without_Water,0.34043643
Ivermectin,Site3d,Without_Water,0.3442715
Ivermectin,Site3m,With_Water,0.000236851
Ivermectin,Site3m,With_Water,0.16348413
Ivermectin,Site3m,With_Water,0.42162168
Ivermectin,Site3m,With_Water,0.4472374
Ivermectin,Site3m,Without_Water,0
Ivermectin,Site3m,Without_Water,0.04523362
Ivermectin,Site3m,Without_Water,0.49752182
Ivermectin,Site3m,Without_Water,0.29011574
Myricetin,Site3d,With_Water,0
Myricetin,Site3d,With_Water,0.003701112
Myricetin,Site3d,With_Water,0.004350746
Myricetin,Site3d,With_Water,0.004618184
Myricetin,Site3d,Without_Water,0
Myricetin,Site3d,Without_Water,0.007009185
Myricetin,Site3d,Without_Water,0.14826588
Myricetin,Site3d,Without_Water,0.13550556
Myricetin,Site3m,With_Water,0
Myricetin,Site3m,With_Water,0.011556094
Myricetin,Site3m,With_Water,0.013833678
Myricetin,Site3m,With_Water,0.014530579
Myricetin,Site3m,Without_Water,0
Myricetin,Site3m,Without_Water,0.06240653
Myricetin,Site3m,Without_Water,0.21379785
Myricetin,Site3m,Without_Water,0.052414734
Quercetin,Site3d,With_Water,0.000172633
Quercetin,Site3d,With_Water,0.14982817
Quercetin,Site3d,With_Water,0.14616501
Quercetin,Site3d,With_Water,0.072239436
Quercetin,Site3d,Without_Water,0.000244141
Quercetin,Site3d,Without_Water,0.18278463
Quercetin,Site3d,Without_Water,0.063594066
Quercetin,Site3d,Without_Water,0.19087714
Quercetin,Site3m,With_Water,0
Quercetin,Site3m,With_Water,0.106565915
Quercetin,Site3m,With_Water,0.091264196
Quercetin,Site3m,With_Water,0.10226899
Quercetin,Site3m,Without_Water,0
Quercetin,Site3m,Without_Water,0.010481
Quercetin,Site3m,Without_Water,0.18378162
Quercetin,Site3m,Without_Water,0.012674168
Remdesivir,Site3d,With_Water,0
Remdesivir,Site3d,With_Water,0.2678105
Remdesivir,Site3d,With_Water,0.34219256
Remdesivir,Site3d,With_Water,0.2651119
Remdesivir,Site3d,Without_Water,0
Remdesivir,Site3d,Without_Water,0.21497919
Remdesivir,Site3d,Without_Water,0.20396434
Remdesivir,Site3d,Without_Water,0.49215105
Remdesivir,Site3m,With_Water,0
Remdesivir,Site3m,With_Water,0.3681777
Remdesivir,Site3m,With_Water,0.39471033
Remdesivir,Site3m,With_Water,0.34286273
Remdesivir,Site3m,Without_Water,0.000222579
Remdesivir,Site3m,Without_Water,0.47404715
Remdesivir,Site3m,Without_Water,0.41773197
Remdesivir,Site3m,Without_Water,0.47570178
Amentoflavone,Site1,With_Water,0
Amentoflavone,Site1,With_Water,0.085489765
Amentoflavone,Site1,With_Water,0.16105147
Amentoflavone,Site1,With_Water,0.20448145
Amentoflavone,Site1,Without_Water,0
Amentoflavone,Site1,Without_Water,0.20460534
Amentoflavone,Site1,Without_Water,0.34229606
Amentoflavone,Site1,Without_Water,0.33485574
Amentoflavone,Site2,With_Water,0
Amentoflavone,Site2,With_Water,0.34103012
Amentoflavone,Site2,With_Water,0.35580054
Amentoflavone,Site2,With_Water,0.26280951
Amentoflavone,Site2,Without_Water,0
Amentoflavone,Site2,Without_Water,0.2198921
Amentoflavone,Site2,Without_Water,0.37974125
Amentoflavone,Site2,Without_Water,0.39223808
Apigenin,Site1,With_Water,0
Apigenin,Site1,With_Water,0.12182945
Apigenin,Site1,With_Water,0.025900088
Apigenin,Site1,With_Water,0.02529278
Apigenin,Site1,Without_Water,0
Apigenin,Site1,Without_Water,0.039159223
Apigenin,Site1,Without_Water,0.10952037
Apigenin,Site1,Without_Water,0.17846556
Apigenin,Site2,With_Water,0
Apigenin,Site2,With_Water,0.17559297
Apigenin,Site2,With_Water,0.17842646
Apigenin,Site2,With_Water,0.010979273
Apigenin,Site2,Without_Water,0
Apigenin,Site2,Without_Water,0.006030488
Apigenin,Site2,Without_Water,0.036495227
Apigenin,Site2,Without_Water,0.014755469
Fisetin,Site1,With_Water,0
Fisetin,Site1,With_Water,0.03105546
Fisetin,Site1,With_Water,0.015116636
Fisetin,Site1,With_Water,0.04906915
Fisetin,Site1,Without_Water,0.000175396
Fisetin,Site1,Without_Water,0.014645287
Fisetin,Site1,Without_Water,0.01362454
Fisetin,Site1,Without_Water,0.05704437
Fisetin,Site2,With_Water,0.000175396
Fisetin,Site2,With_Water,0.02370051
Fisetin,Site2,With_Water,0.038726743
Fisetin,Site2,With_Water,0.191507
Fisetin,Site2,Without_Water,0
Fisetin,Site2,Without_Water,0.054920737
Fisetin,Site2,Without_Water,0.024509015
Fisetin,Site2,Without_Water,0.20197053
Hypericin,Site1,With_Water,0
Hypericin,Site1,With_Water,0.000677626
Hypericin,Site1,With_Water,0.071194366
Hypericin,Site1,With_Water,0.008659507
Hypericin,Site1,Without_Water,0
Hypericin,Site1,Without_Water,0.04564455
Hypericin,Site1,Without_Water,0.002644544
Hypericin,Site1,Without_Water,0.050321843
Hypericin,Site2,With_Water,0
Hypericin,Site2,With_Water,0.06799075
Hypericin,Site2,With_Water,0.041677684
Hypericin,Site2,With_Water,0.04769334
Hypericin,Site2,Without_Water,0.00018794
Hypericin,Site2,Without_Water,0.001953125
Hypericin,Site2,Without_Water,0.04602332
Hypericin,Site2,Without_Water,0.00370198
Ritonavir,Site1,With_Water,0
Ritonavir,Site1,With_Water,0.5128611
Ritonavir,Site1,With_Water,0.4431233
Ritonavir,Site1,With_Water,0.18339053
Ritonavir,Site1,Without_Water,0
Ritonavir,Site1,Without_Water,0.059511967
Ritonavir,Site1,Without_Water,0.6297686
Ritonavir,Site1,Without_Water,0.31138754
Ritonavir,Site2,With_Water,0
Ritonavir,Site2,With_Water,0.5393948
Ritonavir,Site2,With_Water,0.44136968
Ritonavir,Site2,With_Water,0.5264262
Ritonavir,Site2,Without_Water,0
Ritonavir,Site2,Without_Water,0.3680457
Ritonavir,Site2,Without_Water,0.29433462
Ritonavir,Site2,Without_Water,0.3051259
Rutin,Site1,With_Water,0
Rutin,Site1,With_Water,0.13749266
Rutin,Site1,With_Water,0.45518237
Rutin,Site1,With_Water,0.22719325
Rutin,Site1,Without_Water,0
Rutin,Site1,Without_Water,0.27302498
Rutin,Site1,Without_Water,0.005486304
Rutin,Site1,Without_Water,0.4276048
Rutin,Site2,With_Water,0
Rutin,Site2,With_Water,0.3557026
Rutin,Site2,With_Water,0.2959739
Rutin,Site2,With_Water,0.33255982
Rutin,Site2,Without_Water,0.000228596
Rutin,Site2,Without_Water,0.32654887
Rutin,Site2,Without_Water,0.21470092
Rutin,Site2,Without_Water,0.30281335
Torvoside_H,Site1,With_Water,0
Torvoside_H,Site1,With_Water,0.36796033
Torvoside_H,Site1,With_Water,0.39104277
Torvoside_H,Site1,With_Water,0.5432665
Torvoside_H,Site1,Without_Water,0
Torvoside_H,Site1,Without_Water,0.046574056
Torvoside_H,Site1,Without_Water,0.042578164
Torvoside_H,Site1,Without_Water,0.4595926
Torvoside_H,Site2,With_Water,0
Torvoside_H,Site2,With_Water,0.47059205
Torvoside_H,Site2,With_Water,0.43900862
Torvoside_H,Site2,With_Water,0.40463582
Torvoside_H,Site2,Without_Water,0
Torvoside_H,Site2,Without_Water,0.17830114
Torvoside_H,Site2,Without_Water,0.2178523
Torvoside_H,Site2,Without_Water,0.32275373
Chrysin,Site1,With_water,0
Chrysin,Site1,With_water,0.002145681
Chrysin,Site1,With_water,0.00628191
Chrysin,Site1,With_water,0.006406316
Chrysin,Site1,Without_water,0
Chrysin,Site1,Without_water,0.000256458
Chrysin,Site1,Without_water,0.1769622
Chrysin,Site1,Without_water,0.00640118
Chrysin,Site2,With_water,0
Chrysin,Site2,With_water,0.0235411
Chrysin,Site2,With_water,0.17704256
Chrysin,Site2,With_water,0.075747386
Chrysin,Site2,Without_water,0
Chrysin,Site2,Without_water,0.008294341
Chrysin,Site2,Without_water,0.03800988
Chrysin,Site2,Without_water,0.15476558
Chrysin,Site3d,With_water,0.000181343
Chrysin,Site3d,With_water,0.14091562
Chrysin,Site3d,With_water,0.08115828
Chrysin,Site3d,With_water,0.17696853
Chrysin,Site3d,Without_water,0
Chrysin,Site3d,Without_water,0.032687567
Chrysin,Site3d,Without_water,0.116319835
Chrysin,Site3d,Without_water,0.002279447
Chrysin,Site3m,With_water,0
Chrysin,Site3m,With_water,0.042948082
Chrysin,Site3m,With_water,0.1180506
Chrysin,Site3m,With_water,0.10755251
Chrysin,Site3m,Without_water,0
Chrysin,Site3m,Without_water,0.1796631
Chrysin,Site3m,Without_water,0.1401249
Chrysin,Site3m,Without_water,0.1245237
Curcumin,Site1,With_water,0.000201449
Curcumin,Site1,With_water,0.1861211
Curcumin,Site1,With_water,0.20032628
Curcumin,Site1,With_water,0.18653686
Curcumin,Site1,Without_water,0
Curcumin,Site1,Without_water,0.13699467
Curcumin,Site1,Without_water,0.26949382
Curcumin,Site1,Without_water,0.27538297
Curcumin,Site2,With_water,0
Curcumin,Site2,With_water,0.19279282
Curcumin,Site2,With_water,0.31622717
Curcumin,Site2,With_water,0.2949233
Curcumin,Site2,Without_water,0.000201449
Curcumin,Site2,Without_water,0.31205407
Curcumin,Site2,Without_water,0.24989308
Curcumin,Site2,Without_water,0.3142128
Curcumin,Site3d,With_water,0
Curcumin,Site3d,With_water,0.30228752
Curcumin,Site3d,With_water,0.044159267
Curcumin,Site3d,With_water,0.21039793
Curcumin,Site3d,Without_water,0.000201449
Curcumin,Site3d,Without_water,0.3510226
Curcumin,Site3d,Without_water,0.31027398
Curcumin,Site3d,Without_water,0.3800205
Curcumin,Site3m,With_water,0
Curcumin,Site3m,With_water,0.32699883
Curcumin,Site3m,With_water,0.33048874
Curcumin,Site3m,With_water,0.33173332
Curcumin,Site3m,Without_water,0
Curcumin,Site3m,Without_water,0.1926726
Curcumin,Site3m,Without_water,0.4677574
Curcumin,Site3m,Without_water,0.12938169
Hyperoside,Site1,With_water,0
Hyperoside,Site1,With_water,0.25276938
Hyperoside,Site1,With_water,0.26360732
Hyperoside,Site1,With_water,0.28009164
Hyperoside,Site1,Without_water,0
Hyperoside,Site1,Without_water,0.26659384
Hyperoside,Site1,Without_water,0.26948592
Hyperoside,Site1,Without_water,0.057504807
Hyperoside,Site2,With_water,0
Hyperoside,Site2,With_water,0.13731955
Hyperoside,Site2,With_water,0.3161291
Hyperoside,Site2,With_water,0.30034372
Hyperoside,Site2,Without_water,0.000189704
Hyperoside,Site2,Without_water,0.32507262
Hyperoside,Site2,Without_water,0.25077972
Hyperoside,Site2,Without_water,0.32948345
Hyperoside,Site3d,With_water,0
Hyperoside,Site3d,With_water,0.027065288
Hyperoside,Site3d,With_water,0.16675124
Hyperoside,Site3d,With_water,0.22576378
Hyperoside,Site3d,Without_water,0
Hyperoside,Site3d,Without_water,0.2773979
Hyperoside,Site3d,Without_water,0.09949189
Hyperoside,Site3d,Without_water,0.12755084
Hyperoside,Site3m,With_water,0
Hyperoside,Site3m,With_water,0.019251946
Hyperoside,Site3m,With_water,0.2870492
Hyperoside,Site3m,With_water,0.26691356
Hyperoside,Site3m,Without_water,0
Hyperoside,Site3m,Without_water,0.17417486
Hyperoside,Site3m,Without_water,0.08415047
Hyperoside,Site3m,Without_water,0.20363028
Nelfinavir,Site1,With_water,0
Nelfinavir,Site1,With_water,0.36734146
Nelfinavir,Site1,With_water,0.41159898
Nelfinavir,Site1,With_water,0.3728947
Nelfinavir,Site2,With_water,0
Nelfinavir,Site2,With_water,0.29021004
Nelfinavir,Site2,With_water,0.30225796
Nelfinavir,Site2,With_water,0.27917123
Nelfinavir,Site2,Without_water,0
Nelfinavir,Site2,Without_water,0.15443984
Nelfinavir,Site2,Without_water,0.3396936
Nelfinavir,Site2,Without_water,0.2749596
Nelfinavir,Site3d,With_water,0.000210611
Nelfinavir,Site3d,With_water,0.21385075
Nelfinavir,Site3d,With_water,0.47485313
Nelfinavir,Site3d,With_water,0.46755448
Nelfinavir,Site3d,Without_water,0
Nelfinavir,Site3d,Without_water,0.06297512
Nelfinavir,Site3d,Without_water,0.2578286
Nelfinavir,Site3d,Without_water,0.28872955
Nelfinavir,Site3m,With_water,0
Nelfinavir,Site3m,With_water,0.18392192
Nelfinavir,Site3m,With_water,0.44558695
Nelfinavir,Site3m,With_water,0.48221266
Nelfinavir,Site3m,Without_water,0
Nelfinavir,Site3m,Without_water,0.21989602
Nelfinavir,Site3m,Without_water,0.23183867
Nelfinavir,Site3m,Without_water,0.38325736
Oroxylin_A,Site1,With_water,0
Oroxylin_A,Site1,With_water,0.17469256
Oroxylin_A,Site1,With_water,0.18420528
Oroxylin_A,Site1,With_water,0.0993597
Oroxylin_A,Site1,Without_water,0
Oroxylin_A,Site1,Without_water,0.18877141
Oroxylin_A,Site1,Without_water,0.11496761
Oroxylin_A,Site1,Without_water,0.10306657
Oroxylin_A,Site2,With_water,0.000169998
Oroxylin_A,Site2,With_water,0.1047939
Oroxylin_A,Site2,With_water,0.08964764
Oroxylin_A,Site2,With_water,0.120692745
Oroxylin_A,Site2,Without_water,0
Oroxylin_A,Site2,Without_water,0.0971181
Oroxylin_A,Site2,Without_water,0.16092247
Oroxylin_A,Site2,Without_water,0.120411314
Oroxylin_A,Site3d,With_water,0
Oroxylin_A,Site3d,With_water,0.11566904
Oroxylin_A,Site3d,With_water,0.12135956
Oroxylin_A,Site3d,With_water,0.11823497
Oroxylin_A,Site3d,Without_water,0.000240413
Oroxylin_A,Site3d,Without_water,0.009943049
Oroxylin_A,Site3d,Without_water,0.12947443
Oroxylin_A,Site3d,Without_water,0.13301112
Oroxylin_A,Site3m,With_water,0
Oroxylin_A,Site3m,With_water,0.115890324
Oroxylin_A,Site3m,With_water,0.11848487
Oroxylin_A,Site3m,With_water,0.16827713
Oroxylin_A,Site3m,Without_water,0
Oroxylin_A,Site3m,Without_water,0.12884727
Oroxylin_A,Site3m,Without_water,0.15790747
Oroxylin_A,Site3m,Without_water,0.16374883
Rhein,Site1,With_water,0.000130499
Rhein,Site1,With_water,0.000412673
Rhein,Site1,With_water,0.059667863
Rhein,Site1,With_water,0.059638884
Rhein,Site1,Without_water,0
Rhein,Site1,Without_water,0.004280674
Rhein,Site1,Without_water,0.004835499
Rhein,Site1,Without_water,0.010904253
Rhein,Site2,With_water,0
Rhein,Site2,With_water,0.060219012
Rhein,Site2,With_water,0.071337305
Rhein,Site2,With_water,0.029899573
Rhein,Site2,Without_water,0
Rhein,Site2,Without_water,0.02572777
Rhein,Site2,Without_water,0.030995559
Rhein,Site2,Without_water,0.06572004
Rhein,Site3d,With_water,0.000130499
Rhein,Site3d,With_water,0.024549708
Rhein,Site3d,With_water,0.018144475
Rhein,Site3d,With_water,0.026091246
Rhein,Site3d,Without_water,0
Rhein,Site3d,Without_water,0.05919779
Rhein,Site3d,Without_water,0.042909853
Rhein,Site3d,Without_water,0.005131104
Rhein,Site3m,With_water,0.000184553
Rhein,Site3m,With_water,0.072414055
Rhein,Site3m,With_water,0.042081922
Rhein,Site3m,With_water,0.042038396
Rhein,Site3m,Without_water,0.00022603
Rhein,Site3m,Without_water,0.059554875
Rhein,Site3m,Without_water,0.001587585
Rhein,Site3m,Without_water,0.001987696
Theaflavin_Digallate,Site1,With_water,0
Theaflavin_Digallate,Site1,With_water,0.26380998
Theaflavin_Digallate,Site1,With_water,0.50176495
Theaflavin_Digallate,Site1,With_water,0.50060874
Theaflavin_Digallate,Site1,Without_water,0
Theaflavin_Digallate,Site1,Without_water,0.41182983
Theaflavin_Digallate,Site1,Without_water,0.5583663
Theaflavin_Digallate,Site1,Without_water,0.24899943
Theaflavin_Digallate,Site2,With_water,0
Theaflavin_Digallate,Site2,With_water,0.18450691
Theaflavin_Digallate,Site2,With_water,0.5908353
Theaflavin_Digallate,Site2,With_water,0.588349
Theaflavin_Digallate,Site2,Without_water,0
Theaflavin_Digallate,Site2,Without_water,0.14909017
Theaflavin_Digallate,Site2,Without_water,0.3608835
Theaflavin_Digallate,Site2,Without_water,0.33490753
Theaflavin_Digallate,Site3d,With_water,0
Theaflavin_Digallate,Site3d,With_water,0.21689853
Theaflavin_Digallate,Site3d,With_water,0.02120501
Theaflavin_Digallate,Site3d,With_water,0.48760596
Theaflavin_Digallate,Site3d,Without_water,0
Theaflavin_Digallate,Site3d,Without_water,0.1859129
Theaflavin_Digallate,Site3d,Without_water,0.50913006
Theaflavin_Digallate,Site3d,Without_water,0.5129296
Theaflavin_Digallate,Site3m,With_water,0
Theaflavin_Digallate,Site3m,With_water,0.058713555
Theaflavin_Digallate,Site3m,With_water,0.3539917
Theaflavin_Digallate,Site3m,With_water,0.30947706
Theaflavin_Digallate,Site3m,Without_water,0
Theaflavin_Digallate,Site3m,Without_water,0.33868626
Theaflavin_Digallate,Site3m,Without_water,0.27370992
Theaflavin_Digallate,Site3m,Without_water,0.2196989
Baicalein,Site1,With_Water,0.000178295
Baicalein,Site1,With_Water,0.012847149
Baicalein,Site1,With_Water,0.035693772
Baicalein,Site1,With_Water,0.040767245
Baicalein,Site1,Without_Water,0.000178295
Baicalein,Site1,Without_Water,0.17033967
Baicalein,Site1,Without_Water,0.03261582
Baicalein,Site1,Without_Water,0.17526944
Baicalein,Site2,With_Water,0.000178295
Baicalein,Site2,With_Water,0.043636065
Baicalein,Site2,With_Water,0.03978938
Baicalein,Site2,With_Water,0.17368853
Baicalein,Site2,Without_Water,0
Baicalein,Site2,Without_Water,0.028948119
Baicalein,Site2,Without_Water,0.17232995
Baicalein,Site2,Without_Water,0.17499708
Baicalein,Site3d,With_Water,0
Baicalein,Site3d,With_Water,0.11179203
Baicalein,Site3d,With_Water,0.006661655
Baicalein,Site3d,With_Water,0.17399803
Baicalein,Site3d,Without_Water,0
Baicalein,Site3d,Without_Water,0.10351455
Baicalein,Site3d,Without_Water,0.1713339
Baicalein,Site3d,Without_Water,0.17161754
Baicalein,Site3m,With_Water,0
Baicalein,Site3m,With_Water,0.063500844
Baicalein,Site3m,With_Water,0.004181391
Baicalein,Site3m,With_Water,0.16648906
Baicalein,Site3m,Without_Water,0
Baicalein,Site3m,Without_Water,0.17374343
Baicalein,Site3m,Without_Water,0.05768997
Baicalein,Site3m,Without_Water,0.17539571
Baicalin,Site1,With_Water,0.000197295
Baicalin,Site1,With_Water,0.05497112
Baicalin,Site1,With_Water,0.18360583
Baicalin,Site1,With_Water,0.16847019
Baicalin,Site1,Without_Water,0
Baicalin,Site1,Without_Water,0.03593269
Baicalin,Site1,Without_Water,0.16557188
Baicalin,Site1,Without_Water,0.12520567
Baicalin,Site2,With_Water,0
Baicalin,Site2,With_Water,0.009060565
Baicalin,Site2,With_Water,0.043070994
Baicalin,Site2,With_Water,0.22024365
Baicalin,Site2,Without_Water,0.000197295
Baicalin,Site2,Without_Water,0.24987268
Baicalin,Site2,Without_Water,0.16420254
Baicalin,Site2,Without_Water,0.13723241
Baicalin,Site3d,With_Water,0
Baicalin,Site3d,With_Water,0.27245596
Baicalin,Site3d,With_Water,0.21449597
Baicalin,Site3d,With_Water,0.206338
Baicalin,Site3d,Without_Water,0
Baicalin,Site3d,Without_Water,0.14430228
Baicalin,Site3d,Without_Water,0.23429385
Baicalin,Site3d,Without_Water,0.30123326
Baicalin,Site3m,With_Water,0
Baicalin,Site3m,With_Water,0.103456005
Baicalin,Site3m,With_Water,0.19295916
Baicalin,Site3m,With_Water,0.14976971
Baicalin,Site3m,Without_Water,0
Baicalin,Site3m,Without_Water,0.09513834
Baicalin,Site3m,Without_Water,0.13667461
Baicalin,Site3m,Without_Water,0.10084981
NHC,Site1,Without_Water,0.000124024
NHC,Site1,Without_Water,0.09643508
NHC,Site1,Without_Water,0.121186376
NHC,Site1,Without_Water,0.12253948
DAR,Site1,With_Water,0
DAR,Site1,With_Water,0.3860815
DAR,Site1,With_Water,0.2921551
DAR,Site1,With_Water,0.42405504
DAR,Site1,Without_Water,0.000215687
DAR,Site1,Without_Water,0.42305556
DAR,Site1,Without_Water,0.43518126
DAR,Site1,Without_Water,0.31897047
DAR,Site2,With_Water,0
DAR,Site2,With_Water,0.40839761
DAR,Site2,With_Water,0.4830818
DAR,Site2,With_Water,0.29268944
DAR,Site2,Without_Water,0.000305027
DAR,Site2,Without_Water,0.4945657
DAR,Site2,Without_Water,0.42475533
DAR,Site2,Without_Water,0.40178674
DAR,Site3d,With_Water,0
DAR,Site3d,With_Water,0.43685055
DAR,Site3d,With_Water,0.3834835
DAR,Site3d,With_Water,0.2725296
DAR,Site3d,Without_Water,0.000305027
DAR,Site3d,Without_Water,0.4440735
DAR,Site3d,Without_Water,0.452465
DAR,Site3d,Without_Water,0.42592883
DAR,Site3m,With_Water,0
DAR,Site3m,With_Water,0.44591314
DAR,Site3m,With_Water,0.40482783
DAR,Site3m,With_Water,0.35016057
DAR,Site3m,Without_Water,0.000305027
DAR,Site3m,Without_Water,0.24122979
DAR,Site3m,Without_Water,0.3952235
DAR,Site3m,Without_Water,0.45989814
Forsythoside,Site1,With_Water,0
Forsythoside,Site1,With_Water,0.33884475
Forsythoside,Site1,With_Water,0.09381643
Forsythoside,Site1,With_Water,0.11057464
Forsythoside,Site1,Without_Water,0
Forsythoside,Site1,Without_Water,0.11147366
Forsythoside,Site1,Without_Water,0.102097385
Forsythoside,Site1,Without_Water,0.2746455
Forsythoside,Site2,With_Water,0.000175396
Forsythoside,Site2,With_Water,0.28212032
Forsythoside,Site2,With_Water,0.2513075
Forsythoside,Site2,With_Water,0.5597918
Forsythoside,Site2,Without_Water,0
Forsythoside,Site2,Without_Water,0.14169832
Forsythoside,Site2,Without_Water,0.27091077
Forsythoside,Site2,Without_Water,0.5320037
Forsythoside,Site3d,With_Water,0
Forsythoside,Site3d,With_Water,0.24939846
Forsythoside,Site3d,With_Water,0.1547144
Forsythoside,Site3d,With_Water,0.22368295
Forsythoside,Site3d,Without_Water,0
Forsythoside,Site3d,Without_Water,0.27531397
Forsythoside,Site3d,Without_Water,0.24341254
Forsythoside,Site3d,Without_Water,0.24673714
Forsythoside,Site3m,Without_Water,0
Forsythoside,Site3m,Without_Water,0.23460682
Forsythoside,Site3m,Without_Water,0.26060116
Forsythoside,Site3m,Without_Water,0.2579243
Wogonin,Site1,With_Water,0
Wogonin,Site1,With_Water,0.036183964
Wogonin,Site1,With_Water,0.12380398
Wogonin,Site1,With_Water,0.12711532
Wogonin,Site1,Without_Water,0
Wogonin,Site1,Without_Water,0.16562645
Wogonin,Site1,Without_Water,0.13357125
Wogonin,Site1,Without_Water,0.16728742
Wogonin,Site2,With_Water,0
Wogonin,Site2,With_Water,0.18625373
Wogonin,Site2,With_Water,0.10674665
Wogonin,Site2,With_Water,0.10952432
Wogonin,Site2,Without_Water,0
Wogonin,Site2,Without_Water,0.09685395
Wogonin,Site2,Without_Water,0.11163026
Wogonin,Site2,Without_Water,0.17082427
Wogonin,Site3d,With_Water,0
Wogonin,Site3d,With_Water,0.16773416
Wogonin,Site3d,With_Water,0.16591689
Wogonin,Site3d,With_Water,0.12017143
Wogonin,Site3d,Without_Water,0.000169998
Wogonin,Site3d,Without_Water,0.18407173
Wogonin,Site3d,Without_Water,0.14808644
Wogonin,Site3d,Without_Water,0.14797273
Wogonin,Site3m,With_Water,0.000169998
Wogonin,Site3m,With_Water,0.10645427
Wogonin,Site3m,With_Water,0.14122881
Wogonin,Site3m,With_Water,0.09373243
Wogonin,Site3m,Without_Water,0
Wogonin,Site3m,Without_Water,0.09040251
Wogonin,Site3m,Without_Water,0.08461242
Wogonin,Site3m,Without_Water,0.017753167
Wogonoside,Site1,With_Water,0
Wogonoside,Site1,With_Water,0.21604776
Wogonoside,Site1,With_Water,0.17207475
Wogonoside,Site1,With_Water,0.16522686
Wogonoside,Site1,Without_Water,0.00019152
Wogonoside,Site1,Without_Water,0.11298686
Wogonoside,Site1,Without_Water,0.14239484
Wogonoside,Site1,Without_Water,0.13936211
Wogonoside,Site2,With_Water,0
Wogonoside,Site2,With_Water,0.24776123
Wogonoside,Site2,With_Water,0.24053924
Wogonoside,Site2,With_Water,0.28934082
Wogonoside,Site2,Without_Water,0
Wogonoside,Site2,Without_Water,0.08855709
Wogonoside,Site2,Without_Water,0.25355563
Wogonoside,Site2,Without_Water,0.23494655
Wogonoside,Site3m,With_Water,0
Wogonoside,Site3m,With_Water,0.09546136
Wogonoside,Site3m,With_Water,0.1030511
Wogonoside,Site3m,With_Water,0.11859676
Wogonoside,Site3m,Without_Water,0
Wogonoside,Site3m,Without_Water,0.04477589
Wogonoside,Site3m,Without_Water,0.24614389
Wogonoside,Site3m,Without_Water,0.0980949
